{"OutputFileHashSum":"432B9BB957413FE47E044D478B2ABC547E7460FD3FA2CA14A5CEB2F3952B2F37","Converted":true,"OutputModifyDate":"2025-01-15T18:31:19.2836798Z","Metadatas":[{"CategoryName":"VuGen.Replay","Offset":568,"Length":23,"TypeId":1},{"CategoryName":"VuGen.Replay","Offset":835,"Length":59,"TypeId":2},{"CategoryName":"VuGen.Replay","Offset":1112,"Length":118,"TypeId":2},{"CategoryName":"VuGen.Replay","Offset":1230,"Length":59,"TypeId":2},{"CategoryName":"VuGen.Replay","Offset":1507,"Length":117,"TypeId":2},{"CategoryName":"VuGen.Replay","Offset":1647,"Length":21,"TypeId":1}],"MetadataTypes":[{"CategoryName":"VuGen.Replay","MetadataTypeName":"HP.LR.Vugen.Iteration","Id":1},{"CategoryName":"VuGen.Replay","MetadataTypeName":"HP.LR.Vugen.NotifyTransaction","Id":2}]}