[
    {
        "actionName": "Action",
        "steps": [
            {
                "stepId": "STEP1",
                "stepName": "Url: 192.168.88.19:8090",
                "infFile": "t1.inf",
                "time": 1736965879036
            },
            {
                "stepId": "STEP2",
                "stepName": "Custom Request: process",
                "infFile": "t2.inf",
                "time": 1736965879252
            }
        ],
        "transactions": [
            {
                "transactionName": "01_start_Page",
                "rawStartTime": 1736965878162,
                "rawEndTime": 1736965879043,
                "thinkTime": 0.0,
                "wastedTime": 0.042710065841674808
            },
            {
                "transactionName": "01_send_JSON",
                "rawStartTime": 1736965879058,
                "rawEndTime": 1736965879264,
                "thinkTime": 0.0,
                "wastedTime": 0.00542449951171875
            }
        ]
    }
]