{"@odata.context":"https://graph.microsoft.com/beta/$metadata#users('masha.sheychenko%40gmail.com')/settings/regionalAndLanguageSettings/$entity","id":"d718a522-1a3e-4129-a41c-99b2e63c77d2","defaultRegionalFormat":null,"regionalFormatOverrides":null,"defaultSpeechInputLanguage":null,"defaultTranslationLanguage":null,"authoringLanguages":[{"locale":"ru-RU","displayName":"русский (Россия)"}],"defaultDisplayLanguage":{"locale":"ru-RU","displayName":"русский (Россия)"},"translationPreferences":{"translationBehavior":"Ask","untranslatedLanguages":["ru"],"languageOverrides":[]}}